[
  {
    "name": "Hall 1",
    "capacity": 38,
    "layout": [
      { "number": 1 }, { "number": 2 }, { "number": 3 }, { "number": 4 }, { "number": 5 },
      { "number": 6 }, { "number": 7 }, { "number": 8 }, { "number": 9 }, { "number": 10 },
      { "number": 11 }, { "number": 12 }, { "number": 13 }, { "number": 14 }, { "number": 15 },
      { "number": 16 }, { "number": 17 }, { "number": 18 }, { "number": 19 }, { "number": 20 },
      { "number": 21 }, { "number": 22 }, { "number": 23 }, { "number": 24 }, { "number": 25 },
      { "number": 26 }, { "number": 27 }, { "number": 28 }, { "number": 29 }, { "number": 30 },
      { "number": 31 }, { "number": 32 }, { "number": 33 }, { "number": 34 }, { "number": 35 },
      { "number": 36 }, { "number": 37 }, { "number": 38 }
    ]
  },
  {
    "name": "Hall 2",
    "capacity": 32,
    "layout": [
      { "number": 1 }, { "number": 2 }, { "number": 3 }, { "number": 4 }, { "number": 5 },
      { "number": 6 }, { "number": 7 }, { "number": 8 }, { "number": 9 }, { "number": 10 },
      { "number": 11 }, { "number": 12 }, { "number": 13 }, { "number": 14 }, { "number": 15 },
      { "number": 16 }, { "number": 17 }, { "number": 18 }, { "number": 19 }, { "number": 20 },
      { "number": 21 }, { "number": 22 }, { "number": 23 }, { "number": 24 }, { "number": 25 },
      { "number": 26 }, { "number": 27 }, { "number": 28 }, { "number": 29 }, { "number": 30 },
      { "number": 31 }, { "number": 32 }
    ]
  },
  {
    "name": "Hall 3",
    "capacity": 42,
    "layout": [
      { "number": 1 }, { "number": 2 }, { "number": 3 }, { "number": 4 }, { "number": 5 },
      { "number": 6 }, { "number": 7 }, { "number": 8 }, { "number": 9 }, { "number": 10 },
      { "number": 11 }, { "number": 12 }, { "number": 13 }, { "number": 14 }, { "number": 15 },
      { "number": 16 }, { "number": 17 }, { "number": 18 }, { "number": 19 }, { "number": 20 },
      { "number": 21 }, { "number": 22 }, { "number": 23 }, { "number": 24 }, { "number": 25 },
      { "number": 26 }, { "number": 27 }, { "number": 28 }, { "number": 29 }, { "number": 30 },
      { "number": 31 }, { "number": 32 }, { "number": 33 }, { "number": 34 }, { "number": 35 },
      { "number": 36 }, { "number": 37 }, { "number": 38 }, { "number": 39 }, { "number": 40 },
      { "number": 41 }, { "number": 42 }
    ]
  }
]
